Age,Gender,Weight,Height,Duration,Calories_Burned,종류
56,남성,88.3,1.71,1.69,1313,유산소
46,여성,74.9,1.53,1.3,883,근력
32,여성,68.1,1.66,1.11,677,유산소
25,남성,53.2,1.7,0.59,532,근력
38,남성,46.1,1.79,0.64,556,근력
56,여성,58,1.68,1.59,1116,근력
36,남성,70.3,1.72,1.49,1385,유산소
40,여성,69.7,1.51,1.27,895,유산소
28,남성,121.7,1.94,1.03,719,근력
28,남성,101.8,1.84,1.08,808,유산소
41,남성,120.8,1.67,0.82,593,근력
53,남성,51.7,1.7,1.15,865,근력
57,남성,112.5,1.61,1.24,1013,유산소
41,남성,94.5,2,1.18,794,근력
20,남성,117.7,1.81,1.35,1195,유산소
39,여성,42.5,1.75,1.13,740,근력
19,여성,64,1.53,1.33,1111,근력
41,여성,43.8,1.77,1.19,884,유산소
47,여성,66.8,1.75,1.13,742,근력
55,여성,75.2,1.67,1.37,1030,근력
19,남성,89,1.77,1.5,1048,근력
38,남성,71.9,1.77,1.12,875,유산소
50,여성,71,1.68,1.17,848,유산소
29,남성,120.9,1.78,0.78,721,유산소
39,여성,64.3,1.69,1.25,925,근력
42,여성,63.7,1.71,1.42,1080,유산소
44,남성,65.2,1.8,0.73,502,근력
59,남성,53.9,1.75,1.48,989,근력
45,남성,84.9,1.86,1.64,1104,근력
33,여성,78,1.68,1.29,871,근력
32,남성,108.2,1.8,1.27,964,근력
20,여성,65.4,1.52,1.03,654,유산소
54,여성,50.2,1.61,1.48,1046,근력
24,여성,58.9,1.51,1.04,816,유산소
38,남성,81.4,1.71,1.52,1237,근력
26,남성,127.6,1.73,1.32,1162,근력
56,여성,59.3,1.56,1.26,879,유산소
35,남성,96.9,1.71,1.34,1069,근력
21,남성,62.6,1.81,1.3,1072,근력
42,남성,45.5,1.6,1.31,1057,근력
31,여성,48.8,1.51,1.48,969,유산소
26,여성,44.3,1.6,1.08,734,유산소
43,남성,113.2,1.83,1.45,962,유산소
19,여성,60.5,1.59,1.14,730,유산소
37,남성,124.2,1.76,1.5,1304,근력
45,남성,52.4,1.85,1.2,956,근력
24,남성,54.7,1.74,0.84,772,유산소
25,남성,88.1,1.95,1.41,1016,유산소
52,여성,59.7,1.71,1.23,836,근력
31,여성,79.7,1.54,1.03,742,유산소
34,여성,51,1.62,1.42,1122,유산소
53,남성,84.2,1.76,1.67,1133,유산소
57,남성,122.1,1.89,1.13,750,유산소
21,남성,96.7,1.72,1.26,1046,근력
19,여성,73,1.79,0.81,506,근력
23,남성,114.8,1.6,1.47,1318,유산소
59,여성,65.5,1.52,1.4,1021,유산소
21,여성,50.3,1.52,1.08,832,유산소
46,여성,61,1.71,1.67,1150,유산소
35,여성,44.6,1.62,0.56,440,근력
43,여성,58.2,1.61,1.04,580,근력
51,여성,44.8,1.63,1.08,666,유산소
27,남성,87.5,1.63,1.75,1299,근력
53,남성,51.8,1.74,1.23,773,근력
31,여성,64.4,1.7,1.97,1418,근력
48,여성,67.1,1.61,0.62,421,유산소
32,남성,85.9,1.6,1.99,1587,근력
25,여성,65.4,1.77,0.89,627,유산소
31,여성,61.1,1.76,1.81,1358,유산소
40,남성,106.5,1.65,1.32,1176,근력
57,여성,64,1.52,1.73,1004,근력
38,여성,61.4,1.54,1.47,963,근력
33,여성,40.5,1.63,1.07,786,유산소
35,남성,70.1,1.79,1.08,743,유산소
41,남성,94.1,1.62,1.13,777,유산소
43,남성,55.5,1.82,1.08,663,근력
42,여성,53.7,1.72,1.37,875,유산소
58,여성,66.1,1.75,0.63,363,유산소
46,남성,103.9,1.77,1.18,864,유산소
32,여성,61.7,1.58,1.87,1262,근력
18,여성,52.3,1.74,1.2,990,유산소
42,여성,59.5,1.74,1.78,1129,유산소
24,여성,72.9,1.76,0.86,546,유산소
26,여성,76.7,1.63,1.08,751,근력
41,남성,72.1,1.83,1.13,744,유산소
18,여성,54.8,1.68,1.27,1003,근력
25,남성,105,1.88,1.34,1150,유산소
41,여성,55,1.55,1.45,1103,근력
28,남성,81.6,1.66,1.09,917,유산소
34,여성,75.6,1.6,0.64,416,근력
25,남성,81.5,1.61,1.93,1688,근력
52,여성,61.5,1.69,1.8,1231,유산소
52,남성,74,1.63,1.26,936,유산소
50,여성,56.4,1.59,1.26,924,근력
22,남성,102.6,1.84,1.25,1052,근력
59,여성,54.6,1.57,0.58,441,유산소
56,남성,129,1.78,1.29,805,유산소
58,남성,103.5,1.66,1.33,1106,유산소
45,여성,59.4,1.51,1.15,735,근력
24,여성,60.1,1.79,1.97,1625,유산소
26,남성,77.7,1.62,1.16,804,유산소
25,여성,41.2,1.62,1.49,1073,유산소
29,남성,58.6,1.61,1.2,805,유산소
51,남성,109.3,1.78,0.54,420,근력
50,남성,69.6,1.96,0.97,667,근력
40,여성,56.2,1.79,1.79,1369,유산소
41,남성,71.7,1.96,0.51,424,유산소
54,남성,86,1.93,1.74,1404,근력
52,여성,79.4,1.59,1.39,1020,근력
57,여성,78.4,1.62,1.01,677,근력
39,여성,55.4,1.6,1.44,979,근력
44,여성,61.7,1.55,1.41,819,근력
52,남성,85.5,1.82,1.78,1357,유산소
18,남성,87.6,1.93,1.72,1315,근력
52,남성,82.4,1.72,1.01,685,근력
54,남성,67,1.68,0.55,446,유산소
31,여성,42.3,1.6,1.09,888,유산소
20,남성,82.7,1.99,1.69,1357,근력
18,남성,92.4,1.74,1.41,1303,유산소
22,여성,63.2,1.54,1.02,790,유산소
43,남성,82.7,1.85,1.22,858,유산소
31,남성,86.6,1.76,1.29,1071,근력
56,남성,129.5,1.95,1,639,근력
44,남성,98,1.83,1.28,824,유산소
26,남성,86.2,1.68,1.97,1701,근력
32,남성,78.6,1.62,1.28,880,유산소
32,여성,59,1.66,0.51,408,유산소
43,여성,57.3,1.79,1.98,1479,유산소
59,남성,122.3,1.89,0.66,500,유산소
30,남성,85.3,1.95,1.61,1373,유산소
49,여성,45.2,1.74,1.24,870,근력
56,남성,55.6,1.92,0.68,458,근력
49,남성,82.8,1.95,1.91,1503,유산소
21,남성,125.2,1.66,1.38,1207,근력
47,여성,58.5,1.79,1.42,837,유산소
54,남성,86.1,1.95,1.17,811,유산소
40,여성,63.5,1.61,1.31,1041,유산소
56,남성,69.3,1.68,0.66,451,유산소
32,여성,70.5,1.62,1.24,756,근력
46,여성,60.1,1.65,1.69,1042,유산소
53,남성,94.1,1.95,0.89,608,근력
30,여성,79.2,1.62,1.26,1046,유산소
49,남성,115.3,1.91,1.38,854,근력
24,여성,62.9,1.79,1.42,958,유산소
39,남성,62,1.64,0.97,678,유산소
45,남성,88.5,1.78,1.53,1265,근력
19,여성,73.9,1.77,1.28,877,근력
59,남성,50.3,1.95,1.07,885,근력
23,남성,83.1,1.8,0.7,624,근력
45,여성,65.1,1.78,1.46,1038,유산소
45,남성,46.6,1.79,1.46,1214,유산소
37,남성,103.5,1.89,0.54,499,유산소
47,여성,61.9,1.54,1.95,1150,유산소
28,여성,52,1.61,1.32,1082,유산소
45,남성,113.4,1.71,0.83,530,근력
42,남성,62.9,1.98,1.42,886,유산소
56,여성,40.4,1.8,1.23,913,유산소
50,여성,67.1,1.75,0.67,362,유산소
18,남성,70,1.61,1.3,1201,근력
44,여성,69.5,1.75,1.02,711,근력
30,남성,107.9,1.66,1.08,832,유산소
58,남성,109,1.91,1.49,1151,유산소
20,남성,101,1.91,1.36,1070,유산소
56,남성,88.5,1.85,1.57,1119,유산소
23,남성,80.9,1.8,1.55,1074,유산소
25,여성,43.1,1.62,1.04,837,근력
44,여성,59.1,1.52,1.58,967,유산소
26,여성,54,1.53,1.14,844,근력
54,여성,72.3,1.78,1.27,852,유산소
50,남성,51.1,1.98,0.92,574,유산소
59,남성,89.4,1.72,1.08,813,유산소
41,남성,51.5,1.8,1.09,680,근력
32,남성,87.9,1.88,1.52,1195,유산소
49,여성,42,1.52,1.1,644,근력
49,남성,79.2,1.72,1.46,925,유산소
41,남성,64.8,1.71,1.2,778,근력
58,여성,63,1.78,1.58,1095,근력
29,여성,56.2,1.77,0.68,418,유산소
56,여성,52.9,1.64,1.1,767,유산소
19,여성,49,1.69,1.05,772,유산소
20,남성,128.2,1.84,0.83,603,근력
54,남성,83.6,1.86,1.54,1082,근력
34,여성,56.2,1.77,1.81,1249,유산소
19,남성,87.8,1.78,1.28,1133,유산소
19,남성,85.9,1.85,1.66,1424,근력
45,남성,51.1,1.87,1.44,1126,유산소
40,여성,57.4,1.71,1.87,1337,근력
54,남성,114.9,1.92,1.2,802,근력
49,여성,62.1,1.66,1.37,937,근력
50,남성,57.1,1.91,1.09,707,유산소
18,남성,68.1,1.8,1.1,926,유산소
36,남성,69.2,1.65,1.23,852,근력
19,여성,65.2,1.52,1.23,800,유산소
43,남성,108.6,1.73,1.33,988,유산소
49,여성,40,1.65,1.03,686,유산소
23,여성,41.9,1.58,0.56,370,근력
49,여성,68.3,1.52,1.45,979,근력
21,남성,88.4,1.6,1.71,1138,근력
28,남성,66,1.9,1.18,1025,근력
34,남성,71.9,1.64,1.26,929,유산소
55,남성,75.6,1.71,1.03,663,근력
41,여성,63.4,1.59,1.84,1267,근력
22,여성,71.6,1.77,1.49,1177,유산소
51,여성,57.4,1.77,1.08,598,유산소
23,남성,83.8,1.99,1.79,1280,유산소
39,여성,55.9,1.71,1.95,1443,유산소
28,남성,87,1.76,1.2,799,유산소
33,여성,65.3,1.71,1.18,796,근력
50,남성,45.4,1.67,1.37,1071,유산소
26,남성,87.1,1.87,1.71,1241,유산소
23,여성,78.6,1.73,1.47,1147,근력
33,여성,78,1.71,1.08,734,유산소
46,여성,58,1.53,1.83,1153,유산소
20,여성,71.3,1.69,1.28,1043,근력
37,남성,49.1,1.74,1.11,842,유산소
53,여성,78.3,1.65,1.24,703,근력
36,여성,57.3,1.64,1.13,887,근력
43,여성,48.4,1.61,1.28,732,유산소
20,남성,76.4,1.62,1.35,980,유산소
36,남성,110.2,1.77,1.19,1021,근력
37,여성,72.9,1.76,1.21,732,근력
49,남성,82.1,1.86,1.87,1481,근력
24,여성,58.9,1.76,0.63,410,근력
58,남성,82.2,1.87,1.57,1111,근력
50,남성,96.7,1.72,1.46,903,근력
57,남성,81.4,1.86,1.8,1292,유산소
56,남성,107.8,1.73,1.09,680,유산소
35,여성,65.8,1.62,1,790,유산소
57,여성,68.5,1.56,1.45,900,근력
18,여성,63.9,1.59,1.87,1169,근력
28,남성,76.3,1.62,1.16,1034,근력
45,여성,44.5,1.65,1.44,959,유산소
42,여성,50.7,1.75,1.29,940,근력
40,여성,55.1,1.61,1.55,1224,유산소
48,남성,73.7,1.61,1.36,815,유산소
47,남성,55.6,1.77,1.2,820,유산소
59,남성,86.9,1.76,1.13,688,근력
52,여성,60.3,1.68,1.6,900,근력
24,여성,40.4,1.64,0.99,832,근력
33,여성,78.5,1.66,1.29,1006,근력
43,남성,102.6,1.72,0.82,597,근력
19,남성,110.8,1.91,1.31,1074,근력
18,여성,60.9,1.79,1.11,699,유산소
29,남성,55.7,1.61,1.41,993,근력
22,남성,110.5,1.92,1.16,919,근력
54,남성,55.2,1.71,0.77,579,유산소
49,남성,46.5,1.72,1.4,832,유산소
26,여성,70.9,1.66,0.81,506,근력
58,남성,74.6,1.75,1.09,739,근력
52,남성,45.1,1.72,0.93,594,유산소
36,남성,99.9,1.99,1.33,1075,유산소
33,남성,117,1.61,1.04,744,근력
20,여성,75.9,1.73,1.39,1056,근력
37,여성,71.2,1.64,1.11,666,근력
41,남성,78.8,1.72,1.01,660,유산소
50,남성,50.6,1.69,1.31,1012,유산소
41,남성,82.5,1.79,1.69,1163,유산소
28,남성,108.5,1.79,1.33,878,근력
25,남성,49.9,1.98,1.15,772,유산소
53,남성,125.1,1.91,0.52,353,근력
55,여성,79.7,1.66,1.06,763,유산소
57,남성,126.8,1.63,0.96,632,유산소
37,여성,54.6,1.57,1.31,982,근력
52,여성,47.8,1.54,1.34,880,유산소
42,남성,97.9,1.91,1.01,680,근력
52,여성,63.1,1.54,1.36,1010,근력
42,여성,72.4,1.69,1.07,713,유산소
46,여성,58.9,1.7,1.52,1060,근력
35,여성,50.4,1.6,1.03,803,유산소
35,여성,64.2,1.59,1.63,1182,유산소
19,여성,58.8,1.77,1.4,952,근력
52,남성,105.2,1.62,1.36,949,근력
33,여성,45.9,1.5,0.92,662,유산소
58,여성,65.2,1.63,1.12,610,근력
53,여성,56.3,1.79,1.52,964,근력
50,남성,90,1.7,0.81,497,유산소
21,여성,60,1.7,1.97,1212,근력
50,남성,51.5,1.71,1.48,1136,유산소
31,여성,63.1,1.64,1.54,962,유산소
38,남성,91.5,1.77,0.8,616,유산소
37,남성,48.7,1.67,1.39,1009,유산소
25,여성,57.8,1.56,1.35,1053,유산소
24,여성,42,1.75,0.83,598,근력
20,남성,128.4,1.92,0.63,502,유산소
34,여성,74.2,1.57,1.47,1161,유산소
50,남성,89.6,1.68,1.79,1232,유산소
29,남성,125.9,2,1.36,1137,근력
39,남성,105.5,1.99,0.81,593,근력
39,남성,93.4,1.7,1.1,938,근력
47,남성,82.1,1.84,1.37,922,근력
55,여성,42.9,1.69,0.9,567,유산소
55,남성,128.4,1.68,1.13,923,유산소
25,남성,112.4,1.96,1.42,1054,유산소
44,여성,77.7,1.79,1.41,1047,근력
44,남성,89.3,1.99,1.4,936,근력
51,여성,70.3,1.55,1.4,876,유산소
38,여성,59.1,1.72,1.07,792,유산소
47,여성,49.9,1.69,1.48,979,근력
50,남성,101.7,1.67,0.53,333,근력
45,남성,93,1.91,1.03,729,유산소
50,남성,87.4,1.6,0.77,465,근력
22,여성,55.1,1.61,1.62,1166,근력
36,남성,123.7,1.69,1.3,987,유산소
21,여성,61.3,1.57,1.94,1474,근력
52,남성,72.3,1.94,1.46,874,유산소
34,여성,69.2,1.53,1.36,911,근력
45,남성,81.4,1.61,1.14,796,유산소
47,남성,84.8,1.86,1.85,1181,근력
46,남성,55.1,1.72,1.43,970,유산소
23,여성,59,1.78,1.67,1177,유산소
52,여성,64.9,1.51,1.83,1359,근력
58,남성,109.7,1.75,1.01,840,근력
54,남성,78.4,1.9,0.81,585,유산소
41,여성,76.7,1.79,1.4,832,유산소
46,여성,63.1,1.61,1,684,근력
48,여성,62.9,1.58,1.98,1105,근력
52,남성,85.6,1.74,1.84,1321,유산소
50,여성,66.3,1.57,1.25,742,근력
38,남성,61.3,1.97,1.37,1100,유산소
49,여성,44.1,1.65,1.16,694,근력
40,남성,63.8,1.62,1.3,1022,근력
50,여성,55.4,1.55,1.85,1016,근력
20,여성,74.7,1.58,1.04,863,근력
35,여성,78,1.67,1.13,949,근력
42,여성,57.5,1.67,1.14,764,유산소
59,여성,60.7,1.73,1.03,714,유산소
48,남성,69,1.74,1.48,1223,근력
20,여성,75.8,1.78,1.42,944,근력
57,여성,75.7,1.63,0.69,407,유산소
41,여성,71.2,1.64,1.42,939,근력
49,남성,85,1.68,1.82,1468,근력
39,여성,63.6,1.56,1.22,903,근력
40,남성,73.2,1.94,0.81,722,근력
19,여성,48.3,1.52,0.96,653,근력
44,여성,42.8,1.78,1.49,1066,근력
59,남성,88.1,1.76,1.35,1123,근력
19,여성,72.4,1.75,1.2,840,유산소
43,남성,73.2,1.88,1.17,822,유산소
34,남성,110.5,1.86,1.42,1086,유산소
57,여성,46.1,1.76,1.44,842,근력
50,남성,90.8,1.71,1.07,810,유산소
26,여성,59.3,1.51,1.7,1096,근력
56,여성,45.1,1.73,0.83,482,근력
46,남성,45,1.77,1.48,1187,유산소
59,남성,89.4,1.62,1.43,885,근력
43,남성,127.7,1.69,1.14,875,유산소
52,남성,70.9,1.72,1.31,927,근력
42,여성,49.2,1.5,1.15,678,근력
41,여성,62.3,1.79,1.99,1451,유산소
30,남성,64.1,1.87,0.64,500,유산소
24,여성,69.7,1.75,1.41,1029,유산소
53,여성,56.9,1.59,1.49,1100,근력
37,여성,53,1.71,1.13,881,유산소
18,여성,72.7,1.55,0.84,525,유산소
25,남성,76.5,1.96,0.67,442,근력
33,남성,113.6,1.99,1.38,949,근력
31,여성,62.5,1.62,1.56,1318,근력
29,남성,95.2,1.86,0.64,496,유산소
40,남성,51.7,1.82,0.9,792,근력
32,남성,105.3,1.67,0.57,448,유산소
45,여성,71.2,1.68,1.37,888,근력
51,여성,78.1,1.51,0.92,555,근력
19,여성,50.6,1.68,1.21,877,유산소
49,남성,70.2,1.89,0.7,440,유산소
40,여성,62.6,1.53,1.93,1380,유산소
39,여성,60.6,1.65,0.92,768,근력
42,남성,76.4,1.97,1.14,886,근력
39,여성,63.3,1.71,1.88,1175,근력
39,여성,68.6,1.64,1.33,1024,유산소
59,남성,123.3,1.88,1.3,1036,근력
23,남성,107,1.94,1.35,891,근력
32,남성,68.3,1.92,1.42,1289,근력
54,여성,47.8,1.6,1.19,830,유산소
50,여성,58.4,1.79,1.6,943,근력
25,여성,74.3,1.71,1.43,1123,유산소
22,남성,106.8,1.82,1,715,유산소
56,남성,125.5,1.8,1.26,817,근력
21,여성,55.2,1.55,1.37,1103,근력
23,여성,71.4,1.72,1.25,1056,근력
49,남성,77.7,1.61,1.03,806,근력
47,남성,88.4,1.6,1.86,1160,근력
52,남성,104.8,1.99,0.93,598,유산소
57,남성,82.2,1.69,1.15,882,근력
33,여성,68.2,1.75,0.85,638,근력
30,남성,91.4,1.99,1.37,1145,근력
59,여성,42.1,1.65,1.22,725,근력
47,여성,68.7,1.76,1.37,845,근력
36,여성,47.2,1.74,1.5,1200,유산소
34,남성,92,1.76,0.73,574,유산소
36,남성,56.2,1.95,1.09,767,근력
45,남성,58.4,1.72,1.31,973,근력
43,남성,82.9,1.95,1.9,1505,유산소
54,여성,66.9,1.74,1.24,720,근력
43,남성,66.3,1.85,1.18,707,유산소
40,남성,93.6,1.93,1.38,1192,유산소
26,여성,64.1,1.5,1.93,1293,근력
29,남성,86.7,1.62,1.52,1020,근력
18,여성,62,1.59,1.23,996,근력
18,여성,58.1,1.61,1.9,1425,유산소
51,여성,64.9,1.6,1.49,838,유산소
49,여성,69.3,1.62,1.14,626,근력
42,여성,42.7,1.74,1.04,608,근력
57,여성,51.4,1.63,1.2,724,유산소
18,여성,67.4,1.6,0.6,492,근력
33,여성,55.6,1.61,1.77,1301,유산소
56,남성,125.3,1.86,1,639,유산소
22,남성,102.1,1.85,1.48,1278,유산소
39,남성,61.9,1.77,1.32,1205,근력
46,남성,108.8,1.64,1.4,1171,근력
20,여성,51.1,1.58,0.5,422,유산소
29,남성,81.7,1.99,1.45,1005,근력
43,여성,42.7,1.66,0.73,440,유산소
33,남성,81.8,1.99,1.59,1198,근력
54,남성,54.6,1.76,1.28,868,유산소
39,남성,107.7,1.88,0.72,634,근력
46,여성,56.9,1.6,0.88,566,유산소
31,남성,78.8,1.71,1.49,992,근력
45,여성,48.2,1.64,1.25,894,근력
22,여성,50.7,1.59,1.27,883,근력
47,남성,86.6,1.99,1.98,1500,근력
22,남성,96.3,1.63,1.35,1203,유산소
29,남성,80.8,1.98,1.65,1316,근력
33,여성,58,1.53,1.84,1159,근력
43,남성,95.9,1.85,1.28,995,유산소
43,여성,61.5,1.58,1.86,1247,근력
38,여성,40.6,1.79,0.62,499,유산소
56,남성,82.5,1.87,1.51,927,유산소
53,남성,105.1,1.84,0.69,444,유산소
50,여성,58.1,1.58,1.93,1042,유산소
47,여성,61,1.76,1.54,1060,근력
54,여성,64.5,1.53,1.74,940,유산소
40,남성,58.2,1.98,1.43,1085,유산소
27,여성,69.5,1.76,0.94,569,근력
22,남성,62.2,1.84,0.51,393,근력
53,여성,68,1.7,1.06,663,근력
51,여성,56.3,1.5,1.43,914,유산소
48,남성,94.5,1.7,1.01,700,유산소
27,여성,58,1.79,1.39,994,유산소
36,남성,84,1.94,1.8,1218,근력
49,남성,61,1.87,1.14,739,근력
18,여성,64.8,1.53,1.98,1396,유산소
22,남성,45.7,1.77,1.04,795,근력
21,남성,80.9,1.9,1.8,1356,유산소
33,여성,64.1,1.63,1.58,948,근력
41,남성,67,1.77,1.22,900,근력
33,남성,106.5,1.6,1.4,1170,근력
19,남성,95.1,1.85,1.21,952,유산소
45,여성,65.5,1.57,0.66,395,유산소
49,남성,105.7,1.64,1.2,921,유산소
44,여성,48,1.76,0.88,491,유산소
37,여성,69.5,1.5,0.69,448,유산소
41,남성,66.1,1.69,0.77,545,유산소
29,남성,68,1.7,0.76,627,근력
52,남성,50.3,1.78,0.85,555,근력
50,여성,69.3,1.68,1.2,729,근력
50,남성,86.7,1.63,1.7,1203,유산소
54,남성,125.9,1.94,1.35,882,근력
29,남성,88.1,1.93,1.88,1479,유산소
20,남성,124.3,1.82,1.25,997,유산소
18,남성,62,1.85,0.88,586,근력
50,여성,69.7,1.72,1.24,753,근력
57,여성,60.9,1.52,1.31,926,근력
27,남성,76.5,1.97,1.13,1025,근력
46,남성,94.7,1.82,1.47,873,유산소
30,남성,67.9,1.75,1.25,1155,유산소
29,남성,121.1,1.87,1.31,937,근력
48,여성,71.5,1.64,1.46,1012,유산소
19,남성,98.6,1.7,0.83,740,유산소
52,여성,68.2,1.63,1.17,779,근력
40,여성,57.7,1.69,1.18,920,근력
34,남성,124.6,1.63,1.41,1055,근력
43,여성,73,1.59,1.31,931,유산소
25,여성,59.4,1.51,1.62,1304,유산소
46,여성,52,1.65,0.7,463,유산소
43,여성,42.2,1.65,1.33,886,유산소
27,남성,89.3,1.64,1.82,1622,근력
43,남성,110,1.76,1.09,658,유산소
51,여성,66.2,1.58,0.86,499,근력
58,남성,58.6,1.66,1.21,964,근력
24,남성,51,1.67,0.97,710,근력
21,남성,101.5,1.95,0.97,699,유산소
28,남성,114.2,1.87,1.05,959,근력
46,남성,54.4,1.72,0.91,725,유산소
53,여성,52.4,1.57,1.34,898,근력
42,남성,85.2,1.81,1.54,1151,유산소
38,남성,83.6,1.74,1.66,1379,유산소
53,남성,115.4,1.92,1.36,1084,유산소
27,남성,71.2,1.97,0.74,615,근력
54,여성,78.1,1.6,1.1,718,유산소
26,여성,54.2,1.65,1.07,642,유산소
41,여성,77.6,1.76,1.27,920,근력
52,여성,44.1,1.62,1.41,768,근력
52,남성,85.5,1.8,1.7,1144,근력
53,여성,47.8,1.76,1.06,711,근력
35,남성,102.5,1.94,0.84,730,유산소
56,남성,118,1.9,0.66,412,근력
49,남성,82.3,1.84,1.29,932,근력
41,남성,81.6,1.87,1.87,1185,근력
40,남성,60.2,1.88,1.22,946,유산소
49,여성,49.2,1.54,1.28,881,근력
54,여성,46.6,1.5,1.38,1025,근력
29,여성,68.7,1.72,1.08,907,유산소
30,여성,60.6,1.55,1.3,780,근력
40,남성,52.1,1.61,0.87,612,근력
42,여성,46.6,1.77,0.61,382,유산소
52,남성,65.5,1.74,1.48,1011,근력
58,여성,44.2,1.57,1.08,753,근력
47,남성,89.1,1.84,1.44,1133,유산소
34,남성,65.9,1.62,0.81,731,유산소
37,여성,55.6,1.57,0.97,597,유산소
42,남성,63.7,1.98,1.37,868,유산소
39,남성,86.2,1.82,1.96,1725,근력
30,여성,59.2,1.63,1.85,1304,근력
36,남성,85.4,1.88,1.98,1492,유산소
53,여성,68.1,1.55,1.41,831,근력
29,여성,60,1.62,0.85,684,근력
58,여성,74.8,1.69,1.28,933,근력
36,남성,90.3,1.65,1.38,1199,유산소
29,남성,86.1,1.65,1.66,1169,근력
26,남성,73.7,1.66,0.93,639,유산소
24,여성,67.7,1.56,1.42,980,근력
45,남성,78.3,1.96,1.29,1066,유산소
31,여성,48.2,1.65,1.1,913,유산소
48,여성,56.8,1.51,1.37,777,근력
36,남성,112.4,1.63,1.02,757,유산소
33,여성,59,1.67,0.9,558,유산소
22,남성,98.4,1.88,0.52,386,유산소
52,남성,66.5,1.6,1.34,796,근력
29,남성,106.5,1.81,1.29,1107,유산소
42,남성,88.4,1.93,1.68,1314,유산소
38,남성,88.4,1.79,1.74,1321,유산소
53,여성,53.3,1.74,1.37,962,근력
40,여성,58.1,1.56,0.61,415,유산소
33,여성,74.2,1.76,1.15,834,근력
56,남성,84.6,1.63,1.01,705,근력
59,남성,78,1.92,0.72,453,유산소
56,남성,89,1.68,1.77,1332,유산소
31,여성,42.7,1.76,1.46,883,근력
48,남성,83.9,1.82,1.9,1401,근력
22,여성,78.7,1.52,1.45,1204,근력
52,여성,65.9,1.52,1.27,794,유산소
40,남성,76.9,1.92,1.13,851,유산소
46,남성,84.3,2,1.83,1467,근력
28,여성,62.4,1.6,1.1,710,근력
35,남성,63.7,1.74,1.03,810,근력
29,여성,54.9,1.52,1.48,910,근력
26,남성,76.4,1.79,1.17,1004,근력
27,남성,106.4,1.86,1.34,907,유산소
34,여성,68.4,1.5,1.37,904,유산소
55,남성,63.5,1.86,1.36,969,근력
24,여성,59.4,1.5,1.25,825,유산소
30,남성,113.4,1.91,1.27,957,근력
57,여성,61.9,1.52,0.92,592,근력
59,여성,70.7,1.68,1.17,637,유산소
26,남성,111.5,1.9,1.02,937,유산소
44,여성,72.1,1.66,1.4,958,근력
19,남성,56.9,1.87,0.61,463,유산소
22,남성,86.2,1.9,1.91,1345,근력
46,남성,59.4,1.68,1.16,844,근력
54,여성,75.6,1.72,0.97,672,유산소
55,여성,76.3,1.73,1.08,768,유산소
36,남성,95.8,1.86,1.37,972,근력
25,남성,120.6,1.83,1.04,686,유산소
18,여성,65.3,1.55,1.42,1143,유산소
39,남성,85.3,1.89,0.77,593,근력
34,남성,68,1.68,0.67,472,유산소
24,여성,52.6,1.57,1.29,1071,근력
42,남성,63.3,1.77,1.32,876,근력
21,여성,76.3,1.65,1.14,878,근력
53,남성,61,1.63,0.54,331,유산소
23,여성,67.8,1.61,1.34,1072,근력
48,남성,114.9,1.86,1.36,949,유산소
36,남성,88,1.71,1.87,1646,근력
56,여성,67.7,1.58,1.45,927,근력
44,남성,124.8,1.85,1.35,842,근력
27,여성,53,1.58,1.26,895,유산소
43,남성,61.2,1.88,1.03,831,유산소
36,여성,48.7,1.68,1.23,886,유산소
56,여성,50.6,1.7,1.29,848,근력
20,여성,72.6,1.73,1.27,1016,근력
30,여성,70.4,1.56,1.03,644,유산소
45,남성,52.5,1.88,1.08,818,근력
37,남성,76.3,1.77,1.36,957,근력
45,여성,41.2,1.58,1.47,1111,근력
25,여성,55.3,1.76,1.56,1186,유산소
58,여성,49.7,1.67,1.38,776,근력
56,남성,48.3,1.87,0.68,525,근력
18,남성,83.2,1.96,1.83,1510,근력
20,남성,120.5,1.73,1.01,850,유산소
30,남성,121.6,2,1.24,1091,유산소
45,여성,73,1.75,1.14,759,유산소
42,여성,57.5,1.67,1.76,1053,유산소
50,여성,42.7,1.53,1.41,983,근력
55,남성,129.9,1.73,0.69,529,유산소
23,남성,108.6,1.92,0.89,656,유산소
49,남성,88.6,2,1.83,1150,유산소
38,여성,49.7,1.51,1.25,906,근력
33,여성,56.4,1.54,1.06,822,근력
38,남성,46.9,1.74,1.03,946,근력
28,여성,71.3,1.67,1.46,1022,근력
54,남성,71.6,1.86,1.14,830,유산소
53,남성,82.3,1.61,1.87,1139,근력
52,여성,70.6,1.69,1.36,826,근력
36,남성,109.8,1.62,0.84,651,근력
37,여성,73.5,1.69,0.54,354,유산소
35,남성,85.6,1.85,1.78,1322,근력
58,여성,74.6,1.68,1.03,737,유산소
31,여성,63.2,1.8,0.59,463,유산소
32,여성,62.6,1.63,1.67,1344,근력
48,남성,87.1,1.76,1.81,1398,근력
18,남성,82.3,1.84,1.73,1408,근력
20,여성,64.3,1.78,1.71,1171,유산소
33,여성,53.7,1.66,1.25,806,근력
40,남성,63,2,1.42,1257,근력
28,남성,128.4,1.86,1.06,921,근력
29,남성,88,1.89,1.75,1319,유산소
27,여성,63.7,1.52,1.19,714,근력
49,남성,83.7,1.87,1.29,1009,근력
33,남성,102.6,1.75,1.4,1078,근력
25,여성,77.7,1.55,0.55,330,유산소
55,남성,87.5,1.88,1.19,789,유산소
29,남성,87,1.86,1.52,1028,유산소
41,남성,82.8,1.66,1.97,1355,근력
45,여성,65.4,1.68,0.76,441,근력
25,여성,47.2,1.71,0.89,632,유산소
45,여성,58.2,1.7,0.95,684,유산소
53,여성,73.5,1.55,1.17,806,근력
43,여성,55.2,1.73,1.67,1240,유산소
25,여성,64.4,1.71,1.12,935,근력
45,여성,73.5,1.74,1.18,807,유산소
45,남성,89.6,1.81,1.7,1287,유산소
54,남성,86.5,1.76,1.48,1158,유산소
58,여성,46.1,1.67,1.28,743,유산소
53,남성,68.5,1.97,1.3,894,근력
44,남성,94.6,1.84,1.26,748,근력
34,여성,54.2,1.52,1.13,746,유산소
26,남성,47.7,1.77,1.15,759,근력
50,남성,52.2,1.84,1.38,847,근력
37,남성,88.8,1.95,1.58,1173,유산소
30,남성,101,1.68,1.46,1076,근력
45,남성,118.4,1.95,1.06,881,유산소
46,여성,47.9,1.72,1.41,933,유산소
30,여성,51.5,1.74,1.08,810,근력
52,여성,79.9,1.51,0.75,479,근력
23,남성,121.3,1.85,0.72,661,유산소
35,여성,78.9,1.64,1.28,1050,유산소
22,남성,88.5,1.62,1.88,1675,근력
42,남성,73.5,1.63,0.52,350,근력
19,남성,127.9,1.93,1.27,1173,근력
27,남성,88.5,1.98,1.8,1515,유산소
47,여성,43.4,1.62,0.51,303,유산소
22,여성,42.8,1.56,1.47,978,근력
50,남성,64.5,1.79,1.17,753,유산소
18,여성,50.7,1.53,1.29,948,유산소
35,남성,59.2,1.66,1.3,1151,근력
49,여성,78.9,1.73,1.38,938,유산소
28,여성,78.7,1.63,1.1,847,근력
38,남성,68.7,1.92,1.31,1081,유산소
43,여성,53.1,1.59,0.82,502,근력
42,남성,64.8,1.65,1.1,904,유산소
39,여성,50.3,1.61,1.17,749,근력
44,남성,102.3,1.63,1.34,856,유산소
30,남성,62.9,1.92,1.13,789,근력
50,여성,56.5,1.6,1.88,1184,유산소
51,여성,74.6,1.55,0.71,422,유산소
58,남성,52,1.79,1.12,937,근력
52,여성,52.1,1.67,1.5,837,유산소
18,여성,72.2,1.54,0.97,606,근력
38,남성,85.8,1.8,1.72,1410,유산소
23,남성,81.4,1.85,1.6,1320,유산소
45,여성,50.9,1.65,1.45,887,근력
34,남성,52,1.78,1.38,987,근력
22,남성,71,1.93,1.42,1086,유산소
48,남성,80.6,1.77,1.51,1248,유산소
22,여성,58.3,1.72,1,640,유산소
55,여성,63,1.7,1.32,719,근력
20,남성,111,1.94,1.02,875,유산소
40,여성,52.6,1.66,1.27,762,근력
54,남성,116.4,2,1.13,688,유산소
54,여성,75.6,1.61,1.41,983,유산소
27,남성,61.6,1.8,1.48,1172,유산소
27,남성,108,1.8,1.38,926,유산소
36,여성,59.3,1.75,0.99,634,근력
34,남성,75.7,1.94,1.18,915,근력
38,여성,56.3,1.6,1.21,859,유산소
31,여성,58.2,1.73,1.17,766,유산소
26,남성,55.7,1.68,1.13,802,유산소
18,남성,125.9,1.67,1.46,1229,유산소
30,여성,62.7,1.67,1.02,826,근력
21,남성,86.6,1.86,1.37,972,근력
18,남성,64.5,1.82,1.2,983,근력
57,남성,76.6,1.86,1.14,796,유산소
49,남성,81.4,1.83,1.98,1225,유산소
51,남성,60.7,1.71,1.14,954,근력
45,여성,57.2,1.55,1.67,909,유산소
48,여성,73,1.59,1.19,798,근력
25,남성,123.8,1.99,1.13,752,근력
56,남성,93.6,1.66,1.37,1024,근력
43,남성,76.8,1.92,1.24,988,유산소
51,여성,54.7,1.53,1.11,674,근력
20,남성,92.3,1.94,1.14,821,근력
29,여성,71.8,1.55,1.2,720,유산소
18,여성,66.9,1.57,1.07,679,유산소
22,여성,48.7,1.76,1.37,1144,근력
47,남성,66.2,1.71,1.42,1188,근력
47,여성,40,1.76,0.8,475,근력
34,남성,112.4,1.85,1.18,870,근력
40,여성,70,1.55,0.85,693,유산소
32,남성,84,1.74,1.45,1013,근력
54,여성,43.8,1.65,1.29,749,유산소
38,남성,123.3,1.62,1.34,1216,유산소
31,여성,57.9,1.56,1.8,1116,유산소
19,남성,82.4,1.96,1.9,1766,근력
28,남성,84.8,1.79,1.35,1025,유산소
56,남성,109.6,1.66,1.29,1060,유산소
55,남성,86.4,1.77,1,777,유산소
51,여성,63.9,1.8,1.07,626,근력
55,여성,70.8,1.62,0.54,394,근력
51,남성,115.3,1.67,1.38,950,유산소
35,여성,55.3,1.56,1.71,1188,근력
47,남성,73.9,1.8,1.36,942,근력
32,남성,97.3,1.96,1.36,1025,근력
44,여성,60.4,1.65,1.27,966,근력
51,남성,49.3,1.61,1.36,868,유산소
55,남성,91.8,1.78,1.44,1091,유산소
50,여성,73.6,1.55,0.89,581,근력
41,남성,47.1,1.78,1.26,929,유산소
32,남성,65.2,1.62,0.58,408,유산소
47,남성,87.2,1.64,2,1634,근력
59,남성,96.7,1.71,0.57,423,유산소
34,여성,46.9,1.61,1.02,821,근력
22,여성,72.1,1.62,1.38,849,근력
46,여성,62.5,1.54,1.61,906,근력
21,남성,110.7,1.69,1.06,775,유산소
27,남성,102.6,1.83,1.41,954,근력
34,여성,64.3,1.62,1.76,1276,유산소
27,남성,80.7,1.61,1.75,1598,근력
34,남성,115.3,1.81,1.36,1249,유산소
37,남성,87.8,1.69,1.81,1573,근력
41,남성,74.3,1.61,1.06,714,근력
22,여성,78.5,1.7,1.36,938,근력
51,여성,77.3,1.58,0.97,733,유산소
23,여성,64.5,1.7,0.51,319,유산소
19,남성,72,1.94,1.17,952,유산소
30,여성,77.9,1.77,1.41,916,유산소
28,여성,69.6,1.58,1.49,1006,유산소
40,남성,68.9,1.99,1.16,951,유산소
33,남성,45.9,1.89,1.45,1148,유산소
48,여성,68.2,1.69,0.75,537,근력
28,여성,79.6,1.59,1.49,968,근력
33,여성,53.6,1.52,1.02,643,유산소
25,여성,57.7,1.58,1.36,986,유산소
21,남성,74.2,1.93,1.32,1024,근력
57,여성,64.4,1.56,1.52,985,유산소
21,여성,54.9,1.78,0.55,380,근력
42,남성,50.3,1.64,0.63,468,근력
20,여성,46.5,1.68,0.91,660,근력
49,남성,57.8,1.99,0.93,741,근력
20,남성,83,1.8,0.79,695,유산소
44,남성,82.5,1.79,1.51,1159,근력
46,여성,66.5,1.73,1.11,709,유산소
49,여성,70.2,1.67,0.93,695,근력
36,남성,121.9,1.93,1.49,1082,유산소
38,여성,70.3,1.52,1.19,857,유산소
22,여성,40.3,1.56,1.45,877,근력
35,남성,101.4,1.76,0.84,559,근력
45,남성,79.2,1.95,1.47,982,유산소
59,여성,75.8,1.77,1.46,841,근력
39,남성,71.7,1.88,0.55,445,유산소
38,여성,57.7,1.56,1.64,1082,근력
23,여성,47.4,1.6,0.76,585,근력
18,여성,57.2,1.75,1.29,1032,유산소
22,여성,44.8,1.72,1.48,977,유산소
58,남성,90.2,1.72,0.9,668,근력
29,남성,84.9,1.72,1.79,1378,유산소
43,남성,95.7,1.77,1.08,807,근력
51,남성,59,1.65,1.22,924,근력
31,여성,60.5,1.77,1.72,1092,근력
43,여성,53.8,1.72,1.03,742,근력
44,남성,86.6,1.97,1.66,1372,유산소
26,여성,72.8,1.67,1.37,829,근력
43,여성,66.3,1.77,1.48,1046,근력
39,여성,56,1.6,0.89,672,유산소
47,남성,45.9,1.93,1.29,1015,유산소
34,남성,88,1.64,1.9,1536,유산소
43,남성,94,1.79,1.31,1012,근력
53,여성,44.7,1.79,1.34,965,유산소
18,남성,63.2,1.63,0.66,436,유산소
25,남성,95.6,1.9,1.47,1294,유산소
52,남성,47.8,1.86,1.01,645,유산소
32,남성,85.3,1.64,1.77,1197,유산소
39,남성,59.7,1.83,1.35,1143,근력
31,남성,70.2,1.98,0.71,504,유산소
43,여성,72.7,1.8,0.79,590,유산소
45,여성,50.4,1.79,0.74,433,유산소
40,남성,81.7,1.74,0.91,666,유산소
31,남성,49.3,1.62,0.56,484,근력
41,여성,61.9,1.64,1.93,1138,유산소
19,여성,49.1,1.68,1.42,1164,유산소
43,남성,66.5,1.83,1.11,747,유산소
31,남성,75.5,1.93,0.6,446,유산소
24,남성,88.2,1.79,1.76,1491,근력
20,남성,74.8,1.75,1.33,885,유산소
40,여성,72.2,1.6,0.87,566,유산소
35,남성,62.8,1.63,1.41,1241,유산소
55,남성,84.7,1.79,1.19,719,유산소
52,남성,116.5,1.69,0.53,388,유산소
32,남성,77.4,1.92,1.39,1047,유산소
42,여성,72.9,1.62,1.17,732,유산소
54,여성,58.4,1.59,1.08,807,유산소
45,여성,64.3,1.54,1.67,999,유산소
27,남성,89.3,1.87,1.62,1363,근력
56,남성,90.2,1.61,1.38,1148,유산소
34,여성,59,1.62,1.13,847,유산소
56,남성,58.7,1.86,1.09,858,유산소
39,남성,127.5,1.82,1.26,1116,근력
43,여성,68.6,1.52,1.42,875,유산소
42,여성,56.7,1.53,1.07,717,근력
34,여성,64.5,1.78,1.33,958,유산소
30,여성,61.6,1.52,1.78,1228,유산소
37,남성,75.1,1.82,1.23,859,유산소
42,남성,79.3,1.93,1.22,888,유산소
21,여성,72.6,1.68,1.19,756,유산소
27,남성,76.7,1.7,0.96,792,근력
20,여성,44.2,1.61,1.08,659,근력
58,여성,56.5,1.7,0.74,406,유산소
35,남성,100.9,1.63,1.1,986,유산소
53,여성,55.8,1.55,1.12,711,근력
39,남성,58.3,1.93,1.35,1010,유산소
51,남성,48.6,1.77,1.47,1128,근력
25,남성,81.7,1.95,1.94,1451,유산소
57,남성,85.6,1.69,1.76,1159,유산소
36,여성,60,1.72,1.63,1043,근력
59,남성,126.4,1.69,1.24,915,근력
58,여성,75.4,1.78,1.05,662,유산소
54,여성,64.2,1.69,1.69,996,유산소
23,여성,65.2,1.62,1.37,1069,유산소
43,여성,70.1,1.66,0.99,673,근력
51,남성,102.6,1.77,1.21,779,근력
23,남성,107.2,1.93,1.15,879,근력
54,여성,56.5,1.75,1.76,1220,근력
50,여성,61.6,1.75,1.22,911,근력
39,남성,81.7,1.75,1.32,1198,유산소
38,여성,76.6,1.58,0.74,481,유산소
23,남성,116.8,1.79,1,698,근력
23,여성,60.1,1.59,1.8,1107,근력
21,남성,93.7,1.73,1,803,유산소
47,여성,41.6,1.58,1.03,756,유산소
28,여성,55.1,1.79,1.99,1582,유산소
47,남성,127.1,1.76,0.71,552,근력
48,여성,69.1,1.6,1.34,1001,근력
41,여성,66.8,1.74,1.34,898,유산소
26,남성,125.5,1.76,1.15,1031,유산소
20,여성,71.3,1.58,1.07,893,근력
48,남성,129.2,1.61,1.06,876,유산소
57,남성,96.3,1.86,1.1,795,근력
54,여성,67.5,1.54,0.72,454,유산소
53,여성,64.4,1.55,1.77,1107,근력
41,여성,64.9,1.57,1.04,576,근력
48,여성,52.3,1.66,0.74,433,유산소
23,여성,56.7,1.55,1.38,911,유산소
19,여성,46.8,1.63,1.35,864,근력
37,여성,70.3,1.77,1.01,621,근력
45,남성,80.8,1.76,1.7,1102,유산소
28,여성,56,1.5,1.94,1242,근력
21,남성,101.2,1.84,1.3,944,유산소
32,여성,56.6,1.57,1.65,1378,근력
23,여성,40.9,1.75,0.82,594,유산소
47,남성,127.8,1.65,0.77,598,유산소
55,여성,49.3,1.76,1.28,927,근력
19,여성,64.3,1.63,1.87,1234,유산소
32,남성,49.3,1.62,1.18,1025,근력
28,여성,63,1.62,0.68,500,근력
25,여성,41.1,1.67,1.03,711,유산소
43,여성,40.5,1.74,1.5,965,근력
22,남성,71,1.62,0.91,691,근력
23,여성,60.9,1.62,1.59,1336,유산소
43,여성,64.7,1.66,1.88,1117,유산소
21,여성,51,1.71,1.07,706,근력
36,여성,57.7,1.77,1.65,1213,근력
37,남성,76.9,1.82,1.49,992,근력
50,남성,80.5,1.77,1.85,1181,유산소
37,여성,73.3,1.74,1.03,726,유산소
29,여성,49,1.57,1.33,878,유산소
18,남성,114.5,1.97,1.03,725,유산소
43,남성,81,1.78,1.58,1189,유산소
31,여성,53.5,1.76,1.22,811,근력
55,남성,52.1,1.68,0.77,637,유산소
54,여성,70.1,1.52,0.76,475,근력
28,남성,86.9,1.78,1.29,951,근력
53,남성,73.4,1.76,1.09,815,유산소
30,남성,90,1.66,1.32,1104,유산소
20,남성,85.7,1.92,1.72,1287,유산소
50,여성,70.4,1.55,0.73,470,근력
23,남성,57.7,1.71,1.15,942,근력
27,남성,75.7,1.76,0.68,494,유산소
22,여성,61.8,1.52,1.83,1519,유산소
40,남성,80.3,1.76,1.63,1497,근력
27,남성,104.3,1.68,1.28,950,유산소
19,여성,65.7,1.58,1.46,883,유산소
30,남성,120.3,1.96,0.66,494,유산소
57,여성,51.9,1.57,1.05,713,근력
19,여성,59.1,1.57,1.65,1336,유산소
37,여성,66.9,1.75,1.38,876,근력
18,여성,66.9,1.75,0.94,573,유산소
54,남성,78.7,1.66,1.42,921,유산소
26,여성,62.4,1.61,1.88,1307,유산소
34,남성,102.1,1.71,0.96,713,근력
26,남성,51.9,2,0.75,549,근력
28,남성,58.3,2,1.32,980,근력
32,남성,89.8,1.92,1.93,1783,근력
41,남성,101.1,1.83,0.79,634,유산소
55,남성,118.6,1.72,0.77,640,근력
52,남성,84.8,1.85,1.19,895,유산소
47,남성,80,1.77,0.72,531,근력
48,남성,73.1,1.83,1.05,681,유산소
22,남성,117.3,1.68,1.24,914,유산소
31,여성,77.4,1.71,1.26,863,유산소
28,여성,72.9,1.67,1.13,831,유산소
26,여성,71.2,1.5,1.15,816,유산소
51,남성,88.2,1.62,1.56,1027,유산소
29,여성,75.6,1.8,1.31,976,유산소
52,여성,57.9,1.56,1.66,1135,근력
52,여성,70.6,1.58,1.02,753,근력
18,남성,118.6,1.64,0.94,693,유산소
57,남성,55.7,1.99,1.13,705,근력
39,남성,102.3,1.94,0.89,656,유산소
46,남성,72.6,1.87,1.31,1044,근력
25,여성,63.8,1.68,0.95,784,유산소
28,여성,67.3,1.67,0.61,479,근력
58,여성,59.3,1.58,1.97,1463,근력
54,여성,70.7,1.57,1.14,836,유산소
31,남성,86.9,1.69,1.72,1230,유산소
47,남성,98.2,1.9,0.76,557,근력
52,남성,63.6,1.62,1.3,965,근력
38,여성,45.2,1.68,1.01,727,근력
54,남성,117.2,1.62,1.04,736,근력
22,남성,107.4,1.74,1.34,1017,근력
36,여성,59.1,1.78,0.85,514,유산소
31,여성,53.3,1.64,0.57,402,근력
43,남성,46.2,1.63,1.18,812,근력
21,남성,67,1.61,1.32,1104,유산소
42,남성,86.3,1.77,1.77,1113,근력
59,남성,85.5,1.67,1.99,1418,유산소
42,남성,70.2,1.87,1.38,1127,근력
35,남성,127.1,1.62,1.02,718,근력
57,여성,75.6,1.67,1.05,723,유산소
25,여성,62.6,1.65,1.2,852,유산소
56,여성,55.7,1.53,1.91,1066,유산소
57,남성,96.1,1.74,1.21,862,유산소
31,여성,76.7,1.62,1.39,883,유산소
49,남성,57.2,1.89,1.14,762,유산소
55,남성,69.9,1.81,1.2,992,근력
50,여성,67.9,1.77,1.03,760,유산소
40,남성,87.9,1.87,1.96,1445,근력
32,남성,102.8,1.98,1.24,818,근력
50,여성,51.8,1.5,1.32,838,근력
42,여성,57.7,1.57,1.83,1005,유산소
34,여성,66.5,1.69,0.81,636,유산소
50,남성,95.4,1.61,1.16,764,근력
19,여성,69.2,1.6,1.17,907,유산소
31,여성,66.6,1.67,1.02,699,유산소
57,남성,83.4,1.65,1.57,1290,근력
57,여성,43.8,1.75,1.39,1001,유산소
56,여성,64.2,1.69,1.99,1227,유산소
23,여성,44.1,1.62,0.58,354,유산소
23,남성,87.3,1.91,1.87,1327,근력
20,남성,55,1.6,1.12,1035,유산소
24,남성,87.1,1.74,1.57,1364,근력
25,남성,66.6,1.61,1.38,1260,근력
59,여성,60.4,1.76,1.72,929,유산소
32,남성,126.4,1.83,1.1,883,근력
46,남성,88.7,1.63,0.75,542,근력
